{"cameraMode":{"drawMode":0,"name":"Shaded","section":"Shading Mode"},"sceneLighting":false,"audioPlay":false,"sceneViewState":{"m_AlwaysRefresh":false,"showFog":true,"showSkybox":false,"showFlares":true,"showImageEffects":true,"showParticleSystems":true,"showVisualEffectGraphs":true,"m_FxEnabled":true},"in2DMode":false,"pivot":{"x":0.4697114825248718,"y":0.021419495344161989,"z":0.7461990118026733},"rotation":{"x":0.19960321485996247,"y":-0.02440630830824375,"z":0.004956315737217665,"w":0.9795895218849182},"size":1.7282754182815552,"orthographic":false}